{
  "low_engagement": {
    "precision": 0.9527027027027027,
    "recall": 0.9657534246575342,
    "f1-score": 0.9591836734693877,
    "support": 146.0
  },
  "high_engagement": {
    "precision": 0.8214285714285714,
    "recall": 0.7666666666666667,
    "f1-score": 0.7931034482758621,
    "support": 30.0
  },
  "accuracy": 0.9318181818181818,
  "macro avg": {
    "precision": 0.8870656370656371,
    "recall": 0.8662100456621005,
    "f1-score": 0.8761435608726249,
    "support": 176.0
  },
  "weighted avg": {
    "precision": 0.9303264303264304,
    "recall": 0.9318181818181818,
    "f1-score": 0.9308745441750368,
    "support": 176.0
  }
}